Cantiere,Costo L1,Costo L2,Costo L3,Costo L4,Mezzo Leggero,Costipatore,Mezzo Pesante,Speciale,Costi Generali (%),Tariffa (€/ton)
Manuale,22.0,25.0,28.0,32.0,15.0,25.0,45.0,65.0,15.0,130.0
Meccanizzato,22.0,25.0,28.0,32.0,15.0,25.0,45.0,65.0,15.0,130.0
Misto,22.0,25.0,28.0,32.0,15.0,25.0,45.0,65.0,15.0,130.0
RACCOLTA PAP PRATO,22.0,25.0,28.0,32.0,15.0,25.0,45.0,65.0,15.0,130.0
RACCOLTA PAP CAMPI,22.0,25.0,28.0,32.0,15.0,25.0,45.0,65.0,15.0,130.0
RACCOLTA PAP VAIANO,22.0,25.0,28.0,32.0,15.0,25.0,45.0,65.0,15.0,130.0
RACCOLTA PAP MANTOVA,22.0,25.0,28.0,32.0,15.0,25.0,45.0,65.0,15.0,130.0
RACCOLTA PAP NOVENTA,22.0,25.0,28.0,32.0,15.0,25.0,45.0,65.0,15.0,130.0
RACCOLTA PAP COSTABISSARA,22.0,25.0,28.0,32.0,15.0,25.0,45.0,65.0,15.0,130.0
RACCOLTA PAP CREMONA,22.0,25.0,28.0,32.0,15.0,25.0,45.0,65.0,15.0,130.0
A Domicilio,22.0,25.0,28.0,32.0,15.0,25.0,45.0,65.0,15.0,130.0
Abbandoni Stradali,22.0,25.0,28.0,32.0,15.0,25.0,45.0,65.0,15.0,130.0
Centro di Raccolta (Ecocentro),22.0,25.0,28.0,32.0,15.0,25.0,45.0,65.0,15.0,130.0
Aziende Private / Terzi,22.0,25.0,28.0,32.0,15.0,25.0,45.0,65.0,15.0,130.0
Utenze Commerciali (Negozi),22.0,25.0,28.0,32.0,15.0,25.0,45.0,65.0,15.0,130.0
Grandi Produttori / Aziende,22.0,25.0,28.0,32.0,15.0,25.0,45.0,65.0,15.0,130.0
